2021 Lexus,36k mi,"$27,221"
2022 Chevrolet,39k mi,"$18,877"
CPO 2023 Toyota,13k mi,"$24,711"
2021 Chevrolet,21k mi,"$19,996"
2023 Toyota,18k mi,"$23,786"
2021 Lexus,36k mi,"$27,221"
2020 Hyundai,89k mi,"$15,498"
2023 Toyota,13k mi,"$19,997"
2023 BMW,11k mi,"$98,999"
2022 Ford,31k mi,"$49,970"
2022 Chevrolet,39k mi,"$18,877"
2022 Chevrolet,36k mi,"$18,877"
2023 Ford,2k mi,"$46,870"
2020 Hyundai,70k mi,"$16,796"
2021 BMW,28k mi,"$26,996"
CPO 2023 Toyota,13k mi,"$24,711"
2022 Ford,5k mi,"$42,770"
2019 Chevrolet,96k mi,"$14,590"
2018 Rolls-Royce,18k mi,"$172,488"
2021 Hyundai,63k mi,"$18,498"
